<?xml version="1.0" encoding="utf-8"?>
<DeviceInformation xmlns:xsi="http://www.w3.org/2001/XMLSchema-instance" xmlns:xsd="http://www.w3.org/2001/XMLSchema">
  <Name>A1330</Name>
  <Groups>
    <DeviceGroup>
      <Name>eeprom</Name>
      <Fields>
        <DeviceField>
          <Name>e_dac_f</Name>
          <LongName>e_dac_f</LongName>
          <Description />
          <FieldDescriptionType>location</FieldDescriptionType>
          <Address>58</Address>
          <AddressType>primary</AddressType>
          <StartBit>0</StartBit>
          <StopBit>25</StopBit>
          <MinimumValue>0</MinimumValue>
          <MaximumValue>67108863</MaximumValue>
          <DefaultValue>0</DefaultValue>
          <BinaryPoint>0</BinaryPoint>
          <MinimumValueWithUnits>0</MinimumValueWithUnits>
          <MaximumValueWithUnits>0</MaximumValueWithUnits>
          <StepValueWithUnits>0</StepValueWithUnits>
          <Units />
          <ValueDescription />
          <Type>unsigned_int</Type>
          <Access>readwrite</Access>
          <PossibleValues />
          <FactoryOnly>false</FactoryOnly>
          <VisibilityLevel>1</VisibilityLevel>
          <ReadOnlyLevel>2147483647</ReadOnlyLevel>
          <Grouping>0</Grouping>
          <ConditionalRanking>0</ConditionalRanking>
          <ConversionGroup />
          <ConversionField />
          <ConversionShift>0</ConversionShift>
          <ConversionMask>0</ConversionMask>
          <DisplayFormat />
          <DisplayGroup>1</DisplayGroup>
          <DisplayColor>0</DisplayColor>
          <DisplayOrder>-1</DisplayOrder>
        </DeviceField>
        <DeviceField>
          <Name>PREGAIN_OFFSET</Name>
          <LongName>pre_gain_offset</LongName>
          <Description>Allows the angle to be zeroed prior to the application of the gain.</Description>
          <FieldDescriptionType>field</FieldDescriptionType>
          <Address>58</Address>
          <AddressType>primary</AddressType>
          <StartBit>12</StartBit>
          <StopBit>23</StopBit>
          <MinimumValue>0</MinimumValue>
          <MaximumValue>4095</MaximumValue>
          <DefaultValue>0</DefaultValue>
          <BinaryPoint>0</BinaryPoint>
          <MinimumValueWithUnits>0</MinimumValueWithUnits>
          <MaximumValueWithUnits>359.912109375</MaximumValueWithUnits>
          <StepValueWithUnits>0.087890625</StepValueWithUnits>
          <Units>Degrees</Units>
          <ValueDescription />
          <Type>unsigned_int</Type>
          <Access>readwrite</Access>
          <PossibleValues />
          <FactoryOnly>false</FactoryOnly>
          <VisibilityLevel>1</VisibilityLevel>
          <ReadOnlyLevel>2147483647</ReadOnlyLevel>
          <Grouping>0</Grouping>
          <ConditionalRanking>0</ConditionalRanking>
          <ConversionGroup />
          <ConversionField />
          <ConversionShift>0</ConversionShift>
          <ConversionMask>0</ConversionMask>
          <DisplayFormat />
          <DisplayGroup>20</DisplayGroup>
          <DisplayColor>0</DisplayColor>
          <DisplayOrder>-1</DisplayOrder>
        </DeviceField>
        <DeviceField>
          <Name>e_b_shrtstrk0_c</Name>
          <LongName>e_b_shrtstrk0_c</LongName>
          <Description />
          <FieldDescriptionType>location</FieldDescriptionType>
          <Address>59</Address>
          <AddressType>primary</AddressType>
          <StartBit>0</StartBit>
          <StopBit>25</StopBit>
          <MinimumValue>0</MinimumValue>
          <MaximumValue>67108863</MaximumValue>
          <DefaultValue>0</DefaultValue>
          <BinaryPoint>0</BinaryPoint>
          <MinimumValueWithUnits>0</MinimumValueWithUnits>
          <MaximumValueWithUnits>0</MaximumValueWithUnits>
          <StepValueWithUnits>0</StepValueWithUnits>
          <Units />
          <ValueDescription />
          <Type>unsigned_int</Type>
          <Access>readwrite</Access>
          <PossibleValues />
          <FactoryOnly>false</FactoryOnly>
          <VisibilityLevel>1</VisibilityLevel>
          <ReadOnlyLevel>2147483647</ReadOnlyLevel>
          <Grouping>0</Grouping>
          <ConditionalRanking>0</ConditionalRanking>
          <ConversionGroup />
          <ConversionField />
          <ConversionShift>0</ConversionShift>
          <ConversionMask>0</ConversionMask>
          <DisplayFormat />
          <DisplayGroup>1</DisplayGroup>
          <DisplayColor>0</DisplayColor>
          <DisplayOrder>-1</DisplayOrder>
        </DeviceField>
        <DeviceField>
          <Name>GAIN</Name>
          <LongName>gain</LongName>
          <Description>Angle gain. 5 bits integer – 8 bits fractional.
Ranging from 1.000 to 32.99609375
LSB = 0.00390625.</Description>
          <FieldDescriptionType>field</FieldDescriptionType>
          <Address>59</Address>
          <AddressType>primary</AddressType>
          <StartBit>0</StartBit>
          <StopBit>12</StopBit>
          <MinimumValue>0</MinimumValue>
          <MaximumValue>8191</MaximumValue>
          <DefaultValue>0</DefaultValue>
          <BinaryPoint>8</BinaryPoint>
          <MinimumValueWithUnits>1</MinimumValueWithUnits>
          <MaximumValueWithUnits>32.99609375</MaximumValueWithUnits>
          <StepValueWithUnits>0.00390625</StepValueWithUnits>
          <Units>Multiplication Factor</Units>
          <ValueDescription />
          <Type>unsigned_fixed_point</Type>
          <Access>readwrite</Access>
          <PossibleValues />
          <FactoryOnly>false</FactoryOnly>
          <VisibilityLevel>1</VisibilityLevel>
          <ReadOnlyLevel>2147483647</ReadOnlyLevel>
          <Grouping>0</Grouping>
          <ConditionalRanking>0</ConditionalRanking>
          <ConversionGroup />
          <ConversionField />
          <ConversionShift>0</ConversionShift>
          <ConversionMask>0</ConversionMask>
          <DisplayFormat>F3</DisplayFormat>
          <DisplayGroup>20</DisplayGroup>
          <DisplayColor>0</DisplayColor>
          <DisplayOrder>-1</DisplayOrder>
        </DeviceField>
        <DeviceField>
          <Name>SS</Name>
          <LongName>shrtstrk_e</LongName>
          <Description>Short stroke enable.</Description>
          <FieldDescriptionType>field</FieldDescriptionType>
          <Address>59</Address>
          <AddressType>primary</AddressType>
          <StartBit>25</StartBit>
          <StopBit>25</StopBit>
          <MinimumValue>0</MinimumValue>
          <MaximumValue>1</MaximumValue>
          <DefaultValue>0</DefaultValue>
          <BinaryPoint>0</BinaryPoint>
          <MinimumValueWithUnits>0</MinimumValueWithUnits>
          <MaximumValueWithUnits>0</MaximumValueWithUnits>
          <StepValueWithUnits>0</StepValueWithUnits>
          <Units />
          <ValueDescription />
          <Type>boolean</Type>
          <Access>readwrite</Access>
          <PossibleValues />
          <FactoryOnly>false</FactoryOnly>
          <VisibilityLevel>1</VisibilityLevel>
          <ReadOnlyLevel>2147483647</ReadOnlyLevel>
          <Grouping>0</Grouping>
          <ConditionalRanking>0</ConditionalRanking>
          <ConversionGroup />
          <ConversionField />
          <ConversionShift>0</ConversionShift>
          <ConversionMask>0</ConversionMask>
          <DisplayFormat />
          <DisplayGroup>20</DisplayGroup>
          <DisplayColor>0</DisplayColor>
          <DisplayOrder>-1</DisplayOrder>
        </DeviceField>
        <DeviceField>
          <Name>e_shrtstrk1_c</Name>
          <LongName>e_shrtstrk1_c</LongName>
          <Description />
          <FieldDescriptionType>location</FieldDescriptionType>
          <Address>60</Address>
          <AddressType>primary</AddressType>
          <StartBit>0</StartBit>
          <StopBit>25</StopBit>
          <MinimumValue>0</MinimumValue>
          <MaximumValue>67108863</MaximumValue>
          <DefaultValue>0</DefaultValue>
          <BinaryPoint>0</BinaryPoint>
          <MinimumValueWithUnits>0</MinimumValueWithUnits>
          <MaximumValueWithUnits>0</MaximumValueWithUnits>
          <StepValueWithUnits>0</StepValueWithUnits>
          <Units />
          <ValueDescription />
          <Type>unsigned_int</Type>
          <Access>readwrite</Access>
          <PossibleValues />
          <FactoryOnly>false</FactoryOnly>
          <VisibilityLevel>1</VisibilityLevel>
          <ReadOnlyLevel>2147483647</ReadOnlyLevel>
          <Grouping>0</Grouping>
          <ConditionalRanking>0</ConditionalRanking>
          <ConversionGroup />
          <ConversionField />
          <ConversionShift>0</ConversionShift>
          <ConversionMask>0</ConversionMask>
          <DisplayFormat />
          <DisplayGroup>1</DisplayGroup>
          <DisplayColor>0</DisplayColor>
          <DisplayOrder>-1</DisplayOrder>
        </DeviceField>
        <DeviceField>
          <Name>MIN_INPUT</Name>
          <LongName>min_input</LongName>
          <Description>Short stroke minimum input angle.</Description>
          <FieldDescriptionType>field</FieldDescriptionType>
          <Address>60</Address>
          <AddressType>primary</AddressType>
          <StartBit>0</StartBit>
          <StopBit>11</StopBit>
          <MinimumValue>0</MinimumValue>
          <MaximumValue>4095</MaximumValue>
          <DefaultValue>0</DefaultValue>
          <BinaryPoint>0</BinaryPoint>
          <MinimumValueWithUnits>0</MinimumValueWithUnits>
          <MaximumValueWithUnits>359.912109375</MaximumValueWithUnits>
          <StepValueWithUnits>0.087890625</StepValueWithUnits>
          <Units>Degrees</Units>
          <ValueDescription />
          <Type>unsigned_int</Type>
          <Access>readwrite</Access>
          <PossibleValues />
          <FactoryOnly>false</FactoryOnly>
          <VisibilityLevel>1</VisibilityLevel>
          <ReadOnlyLevel>2147483647</ReadOnlyLevel>
          <Grouping>0</Grouping>
          <ConditionalRanking>0</ConditionalRanking>
          <ConversionGroup />
          <ConversionField />
          <ConversionShift>0</ConversionShift>
          <ConversionMask>0</ConversionMask>
          <DisplayFormat />
          <DisplayGroup>20</DisplayGroup>
          <DisplayColor>0</DisplayColor>
          <DisplayOrder>-1</DisplayOrder>
        </DeviceField>
        <DeviceField>
          <Name>MAX_INPUT</Name>
          <LongName>max_input</LongName>
          <Description>Short stroke maximum input angle.</Description>
          <FieldDescriptionType>field</FieldDescriptionType>
          <Address>60</Address>
          <AddressType>primary</AddressType>
          <StartBit>12</StartBit>
          <StopBit>23</StopBit>
          <MinimumValue>0</MinimumValue>
          <MaximumValue>4095</MaximumValue>
          <DefaultValue>0</DefaultValue>
          <BinaryPoint>0</BinaryPoint>
          <MinimumValueWithUnits>0</MinimumValueWithUnits>
          <MaximumValueWithUnits>359.912109375</MaximumValueWithUnits>
          <StepValueWithUnits>0.087890625</StepValueWithUnits>
          <Units>Degrees</Units>
          <ValueDescription />
          <Type>unsigned_int</Type>
          <Access>readwrite</Access>
          <PossibleValues />
          <FactoryOnly>false</FactoryOnly>
          <VisibilityLevel>1</VisibilityLevel>
          <ReadOnlyLevel>2147483647</ReadOnlyLevel>
          <Grouping>0</Grouping>
          <ConditionalRanking>0</ConditionalRanking>
          <ConversionGroup />
          <ConversionField />
          <ConversionShift>0</ConversionShift>
          <ConversionMask>0</ConversionMask>
          <DisplayFormat />
          <DisplayGroup>20</DisplayGroup>
          <DisplayColor>0</DisplayColor>
          <DisplayOrder>-1</DisplayOrder>
        </DeviceField>
        <DeviceField>
          <Name>ROE</Name>
          <LongName>rollover_e</LongName>
          <Description>Short stroke rollover enable.</Description>
          <FieldDescriptionType>field</FieldDescriptionType>
          <Address>60</Address>
          <AddressType>primary</AddressType>
          <StartBit>24</StartBit>
          <StopBit>24</StopBit>
          <MinimumValue>0</MinimumValue>
          <MaximumValue>1</MaximumValue>
          <DefaultValue>0</DefaultValue>
          <BinaryPoint>0</BinaryPoint>
          <MinimumValueWithUnits>0</MinimumValueWithUnits>
          <MaximumValueWithUnits>0</MaximumValueWithUnits>
          <StepValueWithUnits>0</StepValueWithUnits>
          <Units />
          <ValueDescription />
          <Type>boolean</Type>
          <Access>readwrite</Access>
          <PossibleValues />
          <FactoryOnly>false</FactoryOnly>
          <VisibilityLevel>1</VisibilityLevel>
          <ReadOnlyLevel>2147483647</ReadOnlyLevel>
          <Grouping>0</Grouping>
          <ConditionalRanking>0</ConditionalRanking>
          <ConversionGroup />
          <ConversionField />
          <ConversionShift>0</ConversionShift>
          <ConversionMask>0</ConversionMask>
          <DisplayFormat />
          <DisplayGroup>20</DisplayGroup>
          <DisplayColor>0</DisplayColor>
          <DisplayOrder>-1</DisplayOrder>
        </DeviceField>
        <DeviceField>
          <Name>CE</Name>
          <LongName>clamper_e</LongName>
          <Description>Short stroke clamper enable.</Description>
          <FieldDescriptionType>field</FieldDescriptionType>
          <Address>60</Address>
          <AddressType>primary</AddressType>
          <StartBit>25</StartBit>
          <StopBit>25</StopBit>
          <MinimumValue>0</MinimumValue>
          <MaximumValue>1</MaximumValue>
          <DefaultValue>0</DefaultValue>
          <BinaryPoint>0</BinaryPoint>
          <MinimumValueWithUnits>0</MinimumValueWithUnits>
          <MaximumValueWithUnits>0</MaximumValueWithUnits>
          <StepValueWithUnits>0</StepValueWithUnits>
          <Units />
          <ValueDescription />
          <Type>boolean</Type>
          <Access>readwrite</Access>
          <PossibleValues />
          <FactoryOnly>false</FactoryOnly>
          <VisibilityLevel>1</VisibilityLevel>
          <ReadOnlyLevel>2147483647</ReadOnlyLevel>
          <Grouping>0</Grouping>
          <ConditionalRanking>0</ConditionalRanking>
          <ConversionGroup />
          <ConversionField />
          <ConversionShift>0</ConversionShift>
          <ConversionMask>0</ConversionMask>
          <DisplayFormat />
          <DisplayGroup>20</DisplayGroup>
          <DisplayColor>0</DisplayColor>
          <DisplayOrder>-1</DisplayOrder>
        </DeviceField>
        <DeviceField>
          <Name>e_shrtstrk2_c</Name>
          <LongName>e_shrtstrk2_c</LongName>
          <Description />
          <FieldDescriptionType>location</FieldDescriptionType>
          <Address>61</Address>
          <AddressType>primary</AddressType>
          <StartBit>0</StartBit>
          <StopBit>25</StopBit>
          <MinimumValue>0</MinimumValue>
          <MaximumValue>67108863</MaximumValue>
          <DefaultValue>0</DefaultValue>
          <BinaryPoint>0</BinaryPoint>
          <MinimumValueWithUnits>0</MinimumValueWithUnits>
          <MaximumValueWithUnits>0</MaximumValueWithUnits>
          <StepValueWithUnits>0</StepValueWithUnits>
          <Units />
          <ValueDescription />
          <Type>unsigned_int</Type>
          <Access>readwrite</Access>
          <PossibleValues />
          <FactoryOnly>false</FactoryOnly>
          <VisibilityLevel>1</VisibilityLevel>
          <ReadOnlyLevel>2147483647</ReadOnlyLevel>
          <Grouping>0</Grouping>
          <ConditionalRanking>0</ConditionalRanking>
          <ConversionGroup />
          <ConversionField />
          <ConversionShift>0</ConversionShift>
          <ConversionMask>0</ConversionMask>
          <DisplayFormat />
          <DisplayGroup>1</DisplayGroup>
          <DisplayColor>0</DisplayColor>
          <DisplayOrder>-1</DisplayOrder>
        </DeviceField>
        <DeviceField>
          <Name>LOW_CLAMP</Name>
          <LongName>low_clamp</LongName>
          <Description>Short stroke low clamp angle.</Description>
          <FieldDescriptionType>field</FieldDescriptionType>
          <Address>61</Address>
          <AddressType>primary</AddressType>
          <StartBit>0</StartBit>
          <StopBit>5</StopBit>
          <MinimumValue>0</MinimumValue>
          <MaximumValue>63</MaximumValue>
          <DefaultValue>0</DefaultValue>
          <BinaryPoint>0</BinaryPoint>
          <MinimumValueWithUnits>0</MinimumValueWithUnits>
          <MaximumValueWithUnits>252</MaximumValueWithUnits>
          <StepValueWithUnits>4</StepValueWithUnits>
          <Units>Degrees</Units>
          <ValueDescription />
          <Type>unsigned_int</Type>
          <Access>readwrite</Access>
          <PossibleValues />
          <FactoryOnly>false</FactoryOnly>
          <VisibilityLevel>1</VisibilityLevel>
          <ReadOnlyLevel>2147483647</ReadOnlyLevel>
          <Grouping>0</Grouping>
          <ConditionalRanking>0</ConditionalRanking>
          <ConversionGroup />
          <ConversionField />
          <ConversionShift>0</ConversionShift>
          <ConversionMask>0</ConversionMask>
          <DisplayFormat />
          <DisplayGroup>20</DisplayGroup>
          <DisplayColor>0</DisplayColor>
          <DisplayOrder>-1</DisplayOrder>
        </DeviceField>
        <DeviceField>
          <Name>HIGH_CLAMP</Name>
          <LongName>high_clamp</LongName>
          <Description>Short stroke high clamp angle.</Description>
          <FieldDescriptionType>field</FieldDescriptionType>
          <Address>61</Address>
          <AddressType>primary</AddressType>
          <StartBit>6</StartBit>
          <StopBit>11</StopBit>
          <MinimumValue>0</MinimumValue>
          <MaximumValue>63</MaximumValue>
          <DefaultValue>0</DefaultValue>
          <BinaryPoint>0</BinaryPoint>
          <MinimumValueWithUnits>108</MinimumValueWithUnits>
          <MaximumValueWithUnits>360</MaximumValueWithUnits>
          <StepValueWithUnits>-4</StepValueWithUnits>
          <Units>Degrees</Units>
          <ValueDescription />
          <Type>unsigned_int</Type>
          <Access>readwrite</Access>
          <PossibleValues />
          <FactoryOnly>false</FactoryOnly>
          <VisibilityLevel>1</VisibilityLevel>
          <ReadOnlyLevel>2147483647</ReadOnlyLevel>
          <Grouping>0</Grouping>
          <ConditionalRanking>0</ConditionalRanking>
          <ConversionGroup />
          <ConversionField />
          <ConversionShift>0</ConversionShift>
          <ConversionMask>0</ConversionMask>
          <DisplayFormat />
          <DisplayGroup>20</DisplayGroup>
          <DisplayColor>0</DisplayColor>
          <DisplayOrder>-1</DisplayOrder>
        </DeviceField>
        <DeviceField>
          <Name>POSTGAIN_OFFSET</Name>
          <LongName>post_gain_offset</LongName>
          <Description>Allows the angle to be zeroed after the application of the gain.</Description>
          <FieldDescriptionType>field</FieldDescriptionType>
          <Address>61</Address>
          <AddressType>primary</AddressType>
          <StartBit>12</StartBit>
          <StopBit>23</StopBit>
          <MinimumValue>-2048</MinimumValue>
          <MaximumValue>2047</MaximumValue>
          <DefaultValue>0</DefaultValue>
          <BinaryPoint>0</BinaryPoint>
          <MinimumValueWithUnits>-180</MinimumValueWithUnits>
          <MaximumValueWithUnits>179.912109375</MaximumValueWithUnits>
          <StepValueWithUnits>0.087890625</StepValueWithUnits>
          <Units>Degrees</Units>
          <ValueDescription />
          <Type>signed_int</Type>
          <Access>readwrite</Access>
          <PossibleValues />
          <FactoryOnly>false</FactoryOnly>
          <VisibilityLevel>1</VisibilityLevel>
          <ReadOnlyLevel>2147483647</ReadOnlyLevel>
          <Grouping>0</Grouping>
          <ConditionalRanking>0</ConditionalRanking>
          <ConversionGroup />
          <ConversionField />
          <ConversionShift>0</ConversionShift>
          <ConversionMask>0</ConversionMask>
          <DisplayFormat />
          <DisplayGroup>20</DisplayGroup>
          <DisplayColor>0</DisplayColor>
          <DisplayOrder>-1</DisplayOrder>
        </DeviceField>
        <DeviceField>
          <Name>PO</Name>
          <LongName>polarity</LongName>
          <Description>Two’s complements the angle.</Description>
          <FieldDescriptionType>field</FieldDescriptionType>
          <Address>61</Address>
          <AddressType>primary</AddressType>
          <StartBit>24</StartBit>
          <StopBit>24</StopBit>
          <MinimumValue>0</MinimumValue>
          <MaximumValue>1</MaximumValue>
          <DefaultValue>0</DefaultValue>
          <BinaryPoint>0</BinaryPoint>
          <MinimumValueWithUnits>0</MinimumValueWithUnits>
          <MaximumValueWithUnits>0</MaximumValueWithUnits>
          <StepValueWithUnits>0</StepValueWithUnits>
          <Units />
          <ValueDescription />
          <Type>boolean</Type>
          <Access>readwrite</Access>
          <PossibleValues />
          <FactoryOnly>false</FactoryOnly>
          <VisibilityLevel>1</VisibilityLevel>
          <ReadOnlyLevel>2147483647</ReadOnlyLevel>
          <Grouping>0</Grouping>
          <ConditionalRanking>0</ConditionalRanking>
          <ConversionGroup />
          <ConversionField />
          <ConversionShift>0</ConversionShift>
          <ConversionMask>0</ConversionMask>
          <DisplayFormat />
          <DisplayGroup>20</DisplayGroup>
          <DisplayColor>0</DisplayColor>
          <DisplayOrder>-1</DisplayOrder>
        </DeviceField>
        <DeviceField>
          <Name>ABW</Name>
          <LongName>d_abe_bw</LongName>
          <Description>Analog back end bandwidth selection.</Description>
          <FieldDescriptionType>field</FieldDescriptionType>
          <Address>61</Address>
          <AddressType>primary</AddressType>
          <StartBit>25</StartBit>
          <StopBit>25</StopBit>
          <MinimumValue>0</MinimumValue>
          <MaximumValue>1</MaximumValue>
          <DefaultValue>0</DefaultValue>
          <BinaryPoint>0</BinaryPoint>
          <MinimumValueWithUnits>0</MinimumValueWithUnits>
          <MaximumValueWithUnits>0</MaximumValueWithUnits>
          <StepValueWithUnits>0</StepValueWithUnits>
          <Units>KHz</Units>
          <ValueDescription />
          <Type>enumerated</Type>
          <Access>readwrite</Access>
          <PossibleValues>
            <DeviceFieldEnumeration>
              <Name>30</Name>
              <Description />
              <Value>0</Value>
            </DeviceFieldEnumeration>
            <DeviceFieldEnumeration>
              <Name>15</Name>
              <Description />
              <Value>1</Value>
            </DeviceFieldEnumeration>
          </PossibleValues>
          <FactoryOnly>false</FactoryOnly>
          <VisibilityLevel>1</VisibilityLevel>
          <ReadOnlyLevel>2147483647</ReadOnlyLevel>
          <Grouping>0</Grouping>
          <ConditionalRanking>0</ConditionalRanking>
          <ConversionGroup />
          <ConversionField />
          <ConversionShift>0</ConversionShift>
          <ConversionMask>0</ConversionMask>
          <DisplayFormat />
          <DisplayGroup>4</DisplayGroup>
          <DisplayColor>0</DisplayColor>
          <DisplayOrder>-1</DisplayOrder>
        </DeviceField>
        <DeviceField>
          <Name>e_e_errmsk_c</Name>
          <LongName>e_e_errmsk_c</LongName>
          <Description />
          <FieldDescriptionType>location</FieldDescriptionType>
          <Address>62</Address>
          <AddressType>primary</AddressType>
          <StartBit>0</StartBit>
          <StopBit>25</StopBit>
          <MinimumValue>0</MinimumValue>
          <MaximumValue>67108863</MaximumValue>
          <DefaultValue>0</DefaultValue>
          <BinaryPoint>0</BinaryPoint>
          <MinimumValueWithUnits>0</MinimumValueWithUnits>
          <MaximumValueWithUnits>0</MaximumValueWithUnits>
          <StepValueWithUnits>0</StepValueWithUnits>
          <Units />
          <ValueDescription />
          <Type>unsigned_int</Type>
          <Access>readwrite</Access>
          <PossibleValues />
          <FactoryOnly>false</FactoryOnly>
          <VisibilityLevel>1</VisibilityLevel>
          <ReadOnlyLevel>2147483647</ReadOnlyLevel>
          <Grouping>0</Grouping>
          <ConditionalRanking>0</ConditionalRanking>
          <ConversionGroup />
          <ConversionField />
          <ConversionShift>0</ConversionShift>
          <ConversionMask>0</ConversionMask>
          <DisplayFormat />
          <DisplayGroup>1</DisplayGroup>
          <DisplayColor>0</DisplayColor>
          <DisplayOrder>-1</DisplayOrder>
        </DeviceField>
        <DeviceField>
          <Name>MMF</Name>
          <LongName>miss_mag_dis</LongName>
          <Description>Missing magnet error disable.</Description>
          <FieldDescriptionType>field</FieldDescriptionType>
          <Address>62</Address>
          <AddressType>primary</AddressType>
          <StartBit>0</StartBit>
          <StopBit>0</StopBit>
          <MinimumValue>0</MinimumValue>
          <MaximumValue>1</MaximumValue>
          <DefaultValue>0</DefaultValue>
          <BinaryPoint>0</BinaryPoint>
          <MinimumValueWithUnits>0</MinimumValueWithUnits>
          <MaximumValueWithUnits>0</MaximumValueWithUnits>
          <StepValueWithUnits>0</StepValueWithUnits>
          <Units />
          <ValueDescription />
          <Type>boolean</Type>
          <Access>readwrite</Access>
          <PossibleValues />
          <FactoryOnly>false</FactoryOnly>
          <VisibilityLevel>1</VisibilityLevel>
          <ReadOnlyLevel>2147483647</ReadOnlyLevel>
          <Grouping>0</Grouping>
          <ConditionalRanking>0</ConditionalRanking>
          <ConversionGroup />
          <ConversionField />
          <ConversionShift>0</ConversionShift>
          <ConversionMask>0</ConversionMask>
          <DisplayFormat />
          <DisplayGroup>4</DisplayGroup>
          <DisplayColor>0</DisplayColor>
          <DisplayOrder>-1</DisplayOrder>
        </DeviceField>
        <DeviceField>
          <Name>MINA</Name>
          <LongName>min_ang_dis</LongName>
          <Description>Min angle error disable.</Description>
          <FieldDescriptionType>field</FieldDescriptionType>
          <Address>62</Address>
          <AddressType>primary</AddressType>
          <StartBit>1</StartBit>
          <StopBit>1</StopBit>
          <MinimumValue>0</MinimumValue>
          <MaximumValue>1</MaximumValue>
          <DefaultValue>0</DefaultValue>
          <BinaryPoint>0</BinaryPoint>
          <MinimumValueWithUnits>0</MinimumValueWithUnits>
          <MaximumValueWithUnits>0</MaximumValueWithUnits>
          <StepValueWithUnits>0</StepValueWithUnits>
          <Units />
          <ValueDescription />
          <Type>boolean</Type>
          <Access>readwrite</Access>
          <PossibleValues />
          <FactoryOnly>false</FactoryOnly>
          <VisibilityLevel>1</VisibilityLevel>
          <ReadOnlyLevel>2147483647</ReadOnlyLevel>
          <Grouping>0</Grouping>
          <ConditionalRanking>0</ConditionalRanking>
          <ConversionGroup />
          <ConversionField />
          <ConversionShift>0</ConversionShift>
          <ConversionMask>0</ConversionMask>
          <DisplayFormat />
          <DisplayGroup>4</DisplayGroup>
          <DisplayColor>0</DisplayColor>
          <DisplayOrder>-1</DisplayOrder>
        </DeviceField>
        <DeviceField>
          <Name>MAXA</Name>
          <LongName>max_ang_dis</LongName>
          <Description>Max angle error disable.</Description>
          <FieldDescriptionType>field</FieldDescriptionType>
          <Address>62</Address>
          <AddressType>primary</AddressType>
          <StartBit>2</StartBit>
          <StopBit>2</StopBit>
          <MinimumValue>0</MinimumValue>
          <MaximumValue>1</MaximumValue>
          <DefaultValue>0</DefaultValue>
          <BinaryPoint>0</BinaryPoint>
          <MinimumValueWithUnits>0</MinimumValueWithUnits>
          <MaximumValueWithUnits>0</MaximumValueWithUnits>
          <StepValueWithUnits>0</StepValueWithUnits>
          <Units />
          <ValueDescription />
          <Type>boolean</Type>
          <Access>readwrite</Access>
          <PossibleValues />
          <FactoryOnly>false</FactoryOnly>
          <VisibilityLevel>1</VisibilityLevel>
          <ReadOnlyLevel>2147483647</ReadOnlyLevel>
          <Grouping>0</Grouping>
          <ConditionalRanking>0</ConditionalRanking>
          <ConversionGroup />
          <ConversionField />
          <ConversionShift>0</ConversionShift>
          <ConversionMask>0</ConversionMask>
          <DisplayFormat />
          <DisplayGroup>4</DisplayGroup>
          <DisplayColor>0</DisplayColor>
          <DisplayOrder>-1</DisplayOrder>
        </DeviceField>
        <DeviceField>
          <Name>EED</Name>
          <LongName>ee_dbe_dis</LongName>
          <Description>EEPROM double bit error disable.</Description>
          <FieldDescriptionType>field</FieldDescriptionType>
          <Address>62</Address>
          <AddressType>primary</AddressType>
          <StartBit>3</StartBit>
          <StopBit>3</StopBit>
          <MinimumValue>0</MinimumValue>
          <MaximumValue>1</MaximumValue>
          <DefaultValue>0</DefaultValue>
          <BinaryPoint>0</BinaryPoint>
          <MinimumValueWithUnits>0</MinimumValueWithUnits>
          <MaximumValueWithUnits>0</MaximumValueWithUnits>
          <StepValueWithUnits>0</StepValueWithUnits>
          <Units />
          <ValueDescription />
          <Type>boolean</Type>
          <Access>readwrite</Access>
          <PossibleValues />
          <FactoryOnly>false</FactoryOnly>
          <VisibilityLevel>1</VisibilityLevel>
          <ReadOnlyLevel>2147483647</ReadOnlyLevel>
          <Grouping>0</Grouping>
          <ConditionalRanking>0</ConditionalRanking>
          <ConversionGroup />
          <ConversionField />
          <ConversionShift>0</ConversionShift>
          <ConversionMask>0</ConversionMask>
          <DisplayFormat />
          <DisplayGroup>4</DisplayGroup>
          <DisplayColor>0</DisplayColor>
          <DisplayOrder>-1</DisplayOrder>
        </DeviceField>
        <DeviceField>
          <Name>OVLO</Name>
          <LongName>ovlo_dis</LongName>
          <Description>Over voltage error disable.</Description>
          <FieldDescriptionType>field</FieldDescriptionType>
          <Address>62</Address>
          <AddressType>primary</AddressType>
          <StartBit>4</StartBit>
          <StopBit>4</StopBit>
          <MinimumValue>0</MinimumValue>
          <MaximumValue>1</MaximumValue>
          <DefaultValue>0</DefaultValue>
          <BinaryPoint>0</BinaryPoint>
          <MinimumValueWithUnits>0</MinimumValueWithUnits>
          <MaximumValueWithUnits>0</MaximumValueWithUnits>
          <StepValueWithUnits>0</StepValueWithUnits>
          <Units />
          <ValueDescription />
          <Type>boolean</Type>
          <Access>readwrite</Access>
          <PossibleValues />
          <FactoryOnly>false</FactoryOnly>
          <VisibilityLevel>1</VisibilityLevel>
          <ReadOnlyLevel>2147483647</ReadOnlyLevel>
          <Grouping>0</Grouping>
          <ConditionalRanking>0</ConditionalRanking>
          <ConversionGroup />
          <ConversionField />
          <ConversionShift>0</ConversionShift>
          <ConversionMask>0</ConversionMask>
          <DisplayFormat />
          <DisplayGroup>4</DisplayGroup>
          <DisplayColor>0</DisplayColor>
          <DisplayOrder>-1</DisplayOrder>
        </DeviceField>
        <DeviceField>
          <Name>TOR</Name>
          <LongName>toor_dis</LongName>
          <Description>Temperature out of range error disable.</Description>
          <FieldDescriptionType>field</FieldDescriptionType>
          <Address>62</Address>
          <AddressType>primary</AddressType>
          <StartBit>5</StartBit>
          <StopBit>5</StopBit>
          <MinimumValue>0</MinimumValue>
          <MaximumValue>1</MaximumValue>
          <DefaultValue>0</DefaultValue>
          <BinaryPoint>0</BinaryPoint>
          <MinimumValueWithUnits>0</MinimumValueWithUnits>
          <MaximumValueWithUnits>0</MaximumValueWithUnits>
          <StepValueWithUnits>0</StepValueWithUnits>
          <Units />
          <ValueDescription />
          <Type>boolean</Type>
          <Access>readwrite</Access>
          <PossibleValues />
          <FactoryOnly>false</FactoryOnly>
          <VisibilityLevel>1</VisibilityLevel>
          <ReadOnlyLevel>2147483647</ReadOnlyLevel>
          <Grouping>0</Grouping>
          <ConditionalRanking>0</ConditionalRanking>
          <ConversionGroup />
          <ConversionField />
          <ConversionShift>0</ConversionShift>
          <ConversionMask>0</ConversionMask>
          <DisplayFormat />
          <DisplayGroup>4</DisplayGroup>
          <DisplayColor>0</DisplayColor>
          <DisplayOrder>-1</DisplayOrder>
        </DeviceField>
        <DeviceField>
          <Name>INTER</Name>
          <LongName>inter_dis</LongName>
          <Description>DSP arithmetic internal error disable.</Description>
          <FieldDescriptionType>field</FieldDescriptionType>
          <Address>62</Address>
          <AddressType>primary</AddressType>
          <StartBit>6</StartBit>
          <StopBit>6</StopBit>
          <MinimumValue>0</MinimumValue>
          <MaximumValue>1</MaximumValue>
          <DefaultValue>0</DefaultValue>
          <BinaryPoint>0</BinaryPoint>
          <MinimumValueWithUnits>0</MinimumValueWithUnits>
          <MaximumValueWithUnits>0</MaximumValueWithUnits>
          <StepValueWithUnits>0</StepValueWithUnits>
          <Units />
          <ValueDescription />
          <Type>boolean</Type>
          <Access>readwrite</Access>
          <PossibleValues />
          <FactoryOnly>false</FactoryOnly>
          <VisibilityLevel>1</VisibilityLevel>
          <ReadOnlyLevel>2147483647</ReadOnlyLevel>
          <Grouping>0</Grouping>
          <ConditionalRanking>0</ConditionalRanking>
          <ConversionGroup />
          <ConversionField />
          <ConversionShift>0</ConversionShift>
          <ConversionMask>0</ConversionMask>
          <DisplayFormat />
          <DisplayGroup>4</DisplayGroup>
          <DisplayColor>0</DisplayColor>
          <DisplayOrder>-1</DisplayOrder>
        </DeviceField>
        <DeviceField>
          <Name>MISS_MAG_THRSH</Name>
          <LongName>miss_mag_thrsh</LongName>
          <Description>Missing magnet threshold.</Description>
          <FieldDescriptionType>field</FieldDescriptionType>
          <Address>62</Address>
          <AddressType>primary</AddressType>
          <StartBit>7</StartBit>
          <StopBit>15</StopBit>
          <MinimumValue>0</MinimumValue>
          <MaximumValue>511</MaximumValue>
          <DefaultValue>0</DefaultValue>
          <BinaryPoint>0</BinaryPoint>
          <MinimumValueWithUnits>0</MinimumValueWithUnits>
          <MaximumValueWithUnits>0</MaximumValueWithUnits>
          <StepValueWithUnits>0</StepValueWithUnits>
          <Units />
          <ValueDescription />
          <Type>unsigned_int</Type>
          <Access>readwrite</Access>
          <PossibleValues />
          <FactoryOnly>false</FactoryOnly>
          <VisibilityLevel>1</VisibilityLevel>
          <ReadOnlyLevel>2147483647</ReadOnlyLevel>
          <Grouping>0</Grouping>
          <ConditionalRanking>0</ConditionalRanking>
          <ConversionGroup />
          <ConversionField />
          <ConversionShift>0</ConversionShift>
          <ConversionMask>0</ConversionMask>
          <DisplayFormat />
          <DisplayGroup>4</DisplayGroup>
          <DisplayColor>0</DisplayColor>
          <DisplayOrder>-1</DisplayOrder>
        </DeviceField>
        <DeviceField>
          <Name>ANG_AVE</Name>
          <LongName>angle_ave</LongName>
          <Description>Number of averaged angles.</Description>
          <FieldDescriptionType>field</FieldDescriptionType>
          <Address>62</Address>
          <AddressType>primary</AddressType>
          <StartBit>16</StartBit>
          <StopBit>18</StopBit>
          <MinimumValue>0</MinimumValue>
          <MaximumValue>7</MaximumValue>
          <DefaultValue>0</DefaultValue>
          <BinaryPoint>0</BinaryPoint>
          <MinimumValueWithUnits>0</MinimumValueWithUnits>
          <MaximumValueWithUnits>0</MaximumValueWithUnits>
          <StepValueWithUnits>0</StepValueWithUnits>
          <Units>Samples</Units>
          <ValueDescription />
          <Type>enumerated</Type>
          <Access>readwrite</Access>
          <PossibleValues>
            <DeviceFieldEnumeration>
              <Name>1</Name>
              <Description />
              <Value>0</Value>
            </DeviceFieldEnumeration>
            <DeviceFieldEnumeration>
              <Name>2</Name>
              <Description />
              <Value>1</Value>
            </DeviceFieldEnumeration>
            <DeviceFieldEnumeration>
              <Name>4</Name>
              <Description />
              <Value>2</Value>
            </DeviceFieldEnumeration>
            <DeviceFieldEnumeration>
              <Name>8</Name>
              <Description />
              <Value>3</Value>
            </DeviceFieldEnumeration>
            <DeviceFieldEnumeration>
              <Name>16</Name>
              <Description />
              <Value>4</Value>
            </DeviceFieldEnumeration>
            <DeviceFieldEnumeration>
              <Name>32</Name>
              <Description />
              <Value>5</Value>
            </DeviceFieldEnumeration>
            <DeviceFieldEnumeration>
              <Name>64</Name>
              <Description />
              <Value>6</Value>
            </DeviceFieldEnumeration>
            <DeviceFieldEnumeration>
              <Name>128</Name>
              <Description />
              <Value>7</Value>
            </DeviceFieldEnumeration>
          </PossibleValues>
          <FactoryOnly>false</FactoryOnly>
          <VisibilityLevel>1</VisibilityLevel>
          <ReadOnlyLevel>2147483647</ReadOnlyLevel>
          <Grouping>0</Grouping>
          <ConditionalRanking>0</ConditionalRanking>
          <ConversionGroup />
          <ConversionField />
          <ConversionShift>0</ConversionShift>
          <ConversionMask>0</ConversionMask>
          <DisplayFormat />
          <DisplayGroup>4</DisplayGroup>
          <DisplayColor>0</DisplayColor>
          <DisplayOrder>-1</DisplayOrder>
        </DeviceField>
        <DeviceField>
          <Name>PWM_FREQ</Name>
          <LongName>pwm_freq</LongName>
          <Description>PWM frequency selection.</Description>
          <FieldDescriptionType>field</FieldDescriptionType>
          <Address>62</Address>
          <AddressType>primary</AddressType>
          <StartBit>19</StartBit>
          <StopBit>21</StopBit>
          <MinimumValue>0</MinimumValue>
          <MaximumValue>7</MaximumValue>
          <DefaultValue>0</DefaultValue>
          <BinaryPoint>0</BinaryPoint>
          <MinimumValueWithUnits>0</MinimumValueWithUnits>
          <MaximumValueWithUnits>0</MaximumValueWithUnits>
          <StepValueWithUnits>0</StepValueWithUnits>
          <Units>Hz</Units>
          <ValueDescription />
          <Type>enumerated</Type>
          <Access>readwrite</Access>
          <PossibleValues>
            <DeviceFieldEnumeration>
              <Name>20000</Name>
              <Description>20000 Hz</Description>
              <Value>0</Value>
            </DeviceFieldEnumeration>
            <DeviceFieldEnumeration>
              <Name>10000</Name>
              <Description>10000 Hz</Description>
              <Value>1</Value>
            </DeviceFieldEnumeration>
            <DeviceFieldEnumeration>
              <Name>5000</Name>
              <Description>5000 Hz</Description>
              <Value>2</Value>
            </DeviceFieldEnumeration>
            <DeviceFieldEnumeration>
              <Name>2500</Name>
              <Description>2500 Hz</Description>
              <Value>3</Value>
            </DeviceFieldEnumeration>
            <DeviceFieldEnumeration>
              <Name>1250</Name>
              <Description>1250 Hz</Description>
              <Value>4</Value>
            </DeviceFieldEnumeration>
            <DeviceFieldEnumeration>
              <Name>625</Name>
              <Description>625 Hz</Description>
              <Value>5</Value>
            </DeviceFieldEnumeration>
            <DeviceFieldEnumeration>
              <Name>312.5</Name>
              <Description>312.5 Hz</Description>
              <Value>6</Value>
            </DeviceFieldEnumeration>
            <DeviceFieldEnumeration>
              <Name>156.25</Name>
              <Description>156.25 Hz</Description>
              <Value>7</Value>
            </DeviceFieldEnumeration>
          </PossibleValues>
          <FactoryOnly>false</FactoryOnly>
          <VisibilityLevel>1</VisibilityLevel>
          <ReadOnlyLevel>2147483647</ReadOnlyLevel>
          <Grouping>0</Grouping>
          <ConditionalRanking>0</ConditionalRanking>
          <ConversionGroup />
          <ConversionField />
          <ConversionShift>0</ConversionShift>
          <ConversionMask>0</ConversionMask>
          <DisplayFormat />
          <DisplayGroup>4</DisplayGroup>
          <DisplayColor>0</DisplayColor>
          <DisplayOrder>-1</DisplayOrder>
        </DeviceField>
        <DeviceField>
          <Name>HYS</Name>
          <LongName>angle_hyst</LongName>
          <Description>Angle hysteresis selection.</Description>
          <FieldDescriptionType>field</FieldDescriptionType>
          <Address>62</Address>
          <AddressType>primary</AddressType>
          <StartBit>22</StartBit>
          <StopBit>23</StopBit>
          <MinimumValue>0</MinimumValue>
          <MaximumValue>3</MaximumValue>
          <DefaultValue>0</DefaultValue>
          <BinaryPoint>0</BinaryPoint>
          <MinimumValueWithUnits>0</MinimumValueWithUnits>
          <MaximumValueWithUnits>0</MaximumValueWithUnits>
          <StepValueWithUnits>0</StepValueWithUnits>
          <Units />
          <ValueDescription />
          <Type>enumerated</Type>
          <Access>readwrite</Access>
          <PossibleValues>
            <DeviceFieldEnumeration>
              <Name>0</Name>
              <Description />
              <Value>0</Value>
            </DeviceFieldEnumeration>
            <DeviceFieldEnumeration>
              <Name>0.352</Name>
              <Description />
              <Value>1</Value>
            </DeviceFieldEnumeration>
            <DeviceFieldEnumeration>
              <Name>0.703</Name>
              <Description />
              <Value>2</Value>
            </DeviceFieldEnumeration>
            <DeviceFieldEnumeration>
              <Name>1.406</Name>
              <Description />
              <Value>3</Value>
            </DeviceFieldEnumeration>
          </PossibleValues>
          <FactoryOnly>false</FactoryOnly>
          <VisibilityLevel>1</VisibilityLevel>
          <ReadOnlyLevel>2147483647</ReadOnlyLevel>
          <Grouping>0</Grouping>
          <ConditionalRanking>0</ConditionalRanking>
          <ConversionGroup />
          <ConversionField />
          <ConversionShift>0</ConversionShift>
          <ConversionMask>0</ConversionMask>
          <DisplayFormat />
          <DisplayGroup>4</DisplayGroup>
          <DisplayColor>0</DisplayColor>
          <DisplayOrder>-1</DisplayOrder>
        </DeviceField>
        <DeviceField>
          <Name>HYS_O</Name>
          <LongName>hyst_0_360</LongName>
          <Description>When 1 applies the hysteresis only around the 0/360 degree crossing.</Description>
          <FieldDescriptionType>field</FieldDescriptionType>
          <Address>62</Address>
          <AddressType>primary</AddressType>
          <StartBit>24</StartBit>
          <StopBit>24</StopBit>
          <MinimumValue>0</MinimumValue>
          <MaximumValue>1</MaximumValue>
          <DefaultValue>0</DefaultValue>
          <BinaryPoint>0</BinaryPoint>
          <MinimumValueWithUnits>0</MinimumValueWithUnits>
          <MaximumValueWithUnits>0</MaximumValueWithUnits>
          <StepValueWithUnits>0</StepValueWithUnits>
          <Units />
          <ValueDescription />
          <Type>enumerated</Type>
          <Access>readwrite</Access>
          <PossibleValues>
            <DeviceFieldEnumeration>
              <Name>full range</Name>
              <Description />
              <Value>0</Value>
            </DeviceFieldEnumeration>
            <DeviceFieldEnumeration>
              <Name>+/- 11.16 degrees</Name>
              <Description />
              <Value>1</Value>
            </DeviceFieldEnumeration>
          </PossibleValues>
          <FactoryOnly>false</FactoryOnly>
          <VisibilityLevel>1</VisibilityLevel>
          <ReadOnlyLevel>2147483647</ReadOnlyLevel>
          <Grouping>0</Grouping>
          <ConditionalRanking>0</ConditionalRanking>
          <ConversionGroup />
          <ConversionField />
          <ConversionShift>0</ConversionShift>
          <ConversionMask>0</ConversionMask>
          <DisplayFormat />
          <DisplayGroup>4</DisplayGroup>
          <DisplayColor>0</DisplayColor>
          <DisplayOrder>-1</DisplayOrder>
        </DeviceField>
        <DeviceField>
          <Name>EELO</Name>
          <LongName>eelock</LongName>
          <Description>EEPROM Lock</Description>
          <FieldDescriptionType>field</FieldDescriptionType>
          <Address>62</Address>
          <AddressType>primary</AddressType>
          <StartBit>25</StartBit>
          <StopBit>25</StopBit>
          <MinimumValue>0</MinimumValue>
          <MaximumValue>1</MaximumValue>
          <DefaultValue>0</DefaultValue>
          <BinaryPoint>0</BinaryPoint>
          <MinimumValueWithUnits>0</MinimumValueWithUnits>
          <MaximumValueWithUnits>1</MaximumValueWithUnits>
          <StepValueWithUnits>0</StepValueWithUnits>
          <Units />
          <ValueDescription />
          <Type>boolean</Type>
          <Access>readwrite</Access>
          <PossibleValues />
          <FactoryOnly>false</FactoryOnly>
          <VisibilityLevel>1</VisibilityLevel>
          <ReadOnlyLevel>2147483647</ReadOnlyLevel>
          <Grouping>0</Grouping>
          <ConditionalRanking>0</ConditionalRanking>
          <ConversionGroup />
          <ConversionField />
          <ConversionShift>0</ConversionShift>
          <ConversionMask>0</ConversionMask>
          <DisplayFormat />
          <DisplayGroup>4</DisplayGroup>
          <DisplayColor>0</DisplayColor>
          <DisplayOrder>-1</DisplayOrder>
        </DeviceField>
        <DeviceField>
          <Name>e_f_custwrd_c</Name>
          <LongName>e_f_custwrd_c</LongName>
          <Description />
          <FieldDescriptionType>location</FieldDescriptionType>
          <Address>63</Address>
          <AddressType>primary</AddressType>
          <StartBit>0</StartBit>
          <StopBit>25</StopBit>
          <MinimumValue>0</MinimumValue>
          <MaximumValue>67108863</MaximumValue>
          <DefaultValue>0</DefaultValue>
          <BinaryPoint>0</BinaryPoint>
          <MinimumValueWithUnits>0</MinimumValueWithUnits>
          <MaximumValueWithUnits>0</MaximumValueWithUnits>
          <StepValueWithUnits>0</StepValueWithUnits>
          <Units />
          <ValueDescription />
          <Type>unsigned_int</Type>
          <Access>readwrite</Access>
          <PossibleValues />
          <FactoryOnly>false</FactoryOnly>
          <VisibilityLevel>1</VisibilityLevel>
          <ReadOnlyLevel>2147483647</ReadOnlyLevel>
          <Grouping>0</Grouping>
          <ConditionalRanking>0</ConditionalRanking>
          <ConversionGroup />
          <ConversionField />
          <ConversionShift>0</ConversionShift>
          <ConversionMask>0</ConversionMask>
          <DisplayFormat />
          <DisplayGroup>1</DisplayGroup>
          <DisplayColor>0</DisplayColor>
          <DisplayOrder>-1</DisplayOrder>
        </DeviceField>
        <DeviceField>
          <Name>Customer word</Name>
          <LongName>cust_word</LongName>
          <Description>Customer reserved word.</Description>
          <FieldDescriptionType>field</FieldDescriptionType>
          <Address>63</Address>
          <AddressType>primary</AddressType>
          <StartBit>0</StartBit>
          <StopBit>25</StopBit>
          <MinimumValue>0</MinimumValue>
          <MaximumValue>67108863</MaximumValue>
          <DefaultValue>0</DefaultValue>
          <BinaryPoint>0</BinaryPoint>
          <MinimumValueWithUnits>0</MinimumValueWithUnits>
          <MaximumValueWithUnits>0</MaximumValueWithUnits>
          <StepValueWithUnits>0</StepValueWithUnits>
          <Units />
          <ValueDescription />
          <Type>unsigned_int</Type>
          <Access>readwrite</Access>
          <PossibleValues />
          <FactoryOnly>false</FactoryOnly>
          <VisibilityLevel>1</VisibilityLevel>
          <ReadOnlyLevel>2147483647</ReadOnlyLevel>
          <Grouping>0</Grouping>
          <ConditionalRanking>0</ConditionalRanking>
          <ConversionGroup />
          <ConversionField />
          <ConversionShift>0</ConversionShift>
          <ConversionMask>0</ConversionMask>
          <DisplayFormat />
          <DisplayGroup>4</DisplayGroup>
          <DisplayColor>0</DisplayColor>
          <DisplayOrder>-1</DisplayOrder>
        </DeviceField>
      </Fields>
      <Filters>
        <DeviceFieldFilter>
          <Name>All Memory Locations</Name>
          <RequiredFlags>1</RequiredFlags>
          <RequiredMask>7</RequiredMask>
          <OptionalMask>1</OptionalMask>
          <VisibilityLevel>1</VisibilityLevel>
        </DeviceFieldFilter>
        <DeviceFieldFilter>
          <Name>All Fields</Name>
          <RequiredFlags>4</RequiredFlags>
          <RequiredMask>7</RequiredMask>
          <OptionalMask>4</OptionalMask>
          <VisibilityLevel>1</VisibilityLevel>
        </DeviceFieldFilter>
        <DeviceFieldFilter>
          <Name>Short Stroke Fields</Name>
          <RequiredFlags>20</RequiredFlags>
          <RequiredMask>23</RequiredMask>
          <OptionalMask>4</OptionalMask>
          <VisibilityLevel>1</VisibilityLevel>
        </DeviceFieldFilter>
      </Filters>
      <DefaultFilter>1</DefaultFilter>
      <DisplayWidth>0</DisplayWidth>
      <ActualWidth>0</ActualWidth>
    </DeviceGroup>
  </Groups>
</DeviceInformation>